driver_id,name,rating
1,"Avery Yost",3.1
2,"Anthony Pegram",4.3
3,"Elaine Kimes",4.2
4,"Julie West",3.7
5,"Jamie Hyman",4.3
6,"Michael Villarreal",3.7
7,"Helen Lyons",NULL
8,"Anna Salisbury",4.7
9,"Aurora Taylor",3.5
10,"Clemmie Wong",4.5
11,"Eric Garcia",3.8
12,"Terri Conner",4.1
13,"Cathy Garza",4.6
14,"Amanda Gibbs",4.8
15,"Peter Mensalvas",NULL
16,"Mark Martin",3.1
17,"Amanda Maher",3.6
18,"James Polczynski",3.9
19,"Charles Williams",3.6
20,"Patricia Hilliard",4
21,"Adam Gruska",4.6
22,"Paul Petrie",4.6
23,"Ryan Powe",3.3
24,"Melody Conaughty",3.3
25,"Cory Cottman",3.4
26,"Christopher Salas",3.9
27,"Nancy Iglesias",4.6
28,"Barbara Mihalik",3.3
29,"Keith Abdo",4
30,"Jody Zuber",5
31,"Jacqueline Johnson",4.5
32,"John Fretwell",NULL
33,"Everett Harris",4.1
34,"Michael Hausauer",3
35,"John Rubin",3.7
36,"Cindy Harrison",4.8
37,"Marsha Thieman",3.8
38,"Michelle Valdez",4
39,"Wilma Cox",3.2
40,"Calvin Frances",4.6
41,"Hermine Washington",4.4
42,"Jason Wells",NULL
43,"Tiffani Hanley",3.6
44,"Larissa Darland",4.7
45,"Charles Adkins",4.6
46,"Alvera Wallace",3
47,"Scott Alva",3.7
48,"Dorothy Rahmani",3.1
49,"Betty Smith",3.7
50,"Annie Rocha",3.3
51,"Joe Young",3.6
52,"Michelle Chavez",4.2
53,"Anthony Jennings",4.6
54,"Richard Nguyen",4.4
55,"Gwendolyn Mash",4.7
56,"Andrew Forbis",3.4
57,"Eddie Kane",4
58,"Patricia Ybarra",4.8
59,"Christine Jones",4.5
60,"Barbara Engelhardt",NULL
61,"Eugene Okane",4.3
62,"Gabriel Coleman",3.1
63,"Lynette Parks",4
64,"Maria Russo",4.1
65,"Susan Wells",3
66,"Denver Collins",4.6
67,"Constance Lukow",4
68,"Frances Koth",3.8
69,"David Warren",3.7
70,"Nicole Jeffrey",4.7
71,"Ella Ruiz",4.8
72,"Pauline Winder",4.8
73,"Bobby Powell",4
74,"Todd Frisby",3.7
75,"Eloisa Bradley",4.2
76,"Ebony Nowell",4.5
77,"Joyce Gay",4.9
78,"Clair Glisson",4.9
79,"John Houis",4.9
80,"Jacob Adams",4.9
81,"Stella Tucker",4.5
82,"Chris Reyes",3.5
83,"Thomas Hershey",3.5
84,"Candi Allard",4.5
85,"John Cordova",3.1
86,"Mary White",4.5
87,"Marilyn Noon",4.1
88,"Thomas Tripp",4.9
89,"Peter Cooke",3.6
90,"Randy Barrio",4.1
91,"Phyllis Preece",3.5
92,"Robert Crane",4.6
93,"Courtney Deleon",4.9
94,"Jonathan Donohue",4.6
95,"Desiree Nussbaum",3.3
96,"Valerie Singletary",NULL
97,"James Bunch",4.8
98,"Waldo Wallace",3.3
99,"Ross Hood",3.7
100,"Spencer Hartzog",3.3
101,"Darlene Brown",NULL
102,"Sterling Soto",3.7
103,"Daniel Ayers",3.5
104,"Jeffrey Barton",3.2
105,"Patrick Boyd",4
106,"Brenda Montagna",4.9
107,"Jean Kent",3.2
108,"Michael Begay",4.7
109,"Carol Ward",4.9
110,"Brandon Luft",3
111,"Suzie Mattson",4.2
112,"Gertrude Landry",3.3
113,"Mercedes Pina",4.6
114,"Cheri Bullinger",3.2
115,"John Harvey",3.7
116,"Jeff Long",4.4
117,"Stephanie Baisley",4.8
118,"Abe Abney",4.2
119,"Linda Ingram",4.2
120,"Walter Tacadina",4.5
121,"John Perez",4.4
122,"Doug Adderley",4.9
123,"Lori Coster",4.3
124,"Richard Sarate",3.6
125,"Etta Hayden",4.9
126,"Vera Moody",4.3
127,"Oscar Stokes",4.4
128,"Karen Mchale",3.1
129,"Joann Smith",3.2
130,"Beth Ridley",4.6
131,"Andrew Moore",4.3
132,"Virginia Fain",3.9
133,"Nancy Parks",4.5
134,"Cedric Davis",4.8
135,"Darlene Dallas",3.4
136,"William Fox",NULL
137,"Barbara Vasquez",3.4
138,"Norris Huff",NULL
139,"Marjorie Reddy",4.8
140,"Carol Taylor",3.7
141,"Carolyn Sastre",NULL
142,"Felix Howell",3.6
143,"Ina Johnson",4.4
144,"Robert Rowan",3.8
145,"Charlene Johnson",4.4
146,"Travis Mann",4.7
147,"Roger Daniels",3.4
148,"Luis Perri",5
149,"Jennifer Castellana",3.4
150,"Leonard Mackenzie",4.5
151,"Renaldo Macklin",4.2
152,"James Roland",NULL
153,"Courtney Bauer",NULL
154,"Alex Acker",NULL
155,"Imogene Tuck",4.5
156,"Keith Faris",3.5
157,"Jerry Kane",4.8
158,"Greg Quiroz",4.1
159,"Thomas Twehous",4
160,"Wesley Donnell",3.2
161,"Judith Hernandez",4.3
162,"Pamela Fallenstein",3.9
163,"Olga Jones",4
164,"Laura Segovia",3.7
165,"Ruthie Stephens",3.7
166,"Steven Dixon",4.4
167,"Julian Mcgrath",5
168,"Oscar Jones",4.2
169,"Robert Keating",3.8
170,"Michelle Signorile",NULL
171,"Gregory Evans",3.5
172,"Weston Ruhland",3.1
173,"Kenneth Brown",4
174,"Howard Brunelle",4.7
175,"Armida Miller",4.9
176,"Richard Martin",4.8
177,"August Wooldridge",3.6
178,"Helen Grant",4.5
179,"Vincent Hopkins",4.6
180,"Sylvia Gebert",3.2
181,"Ozell Hayes",4.4
182,"Carol Ramirez",4.7
183,"Jennifer Johnson",4.9
184,"Marie Powell",4.8
185,"Donna Hall",4.4
186,"Ronnie Daniels",3.7
187,"Tony Benford",4.1
188,"Karen Hamel",3.5
189,"Rosa Bramlett",4.2
190,"Stella Pacheco",4.2
191,"Patrick Sousa",4.8
192,"Vicki Bernard",3.2
193,"Robert Sheperd",4.4
194,"Keith Limon",3.6
195,"Matthew Cohen",3.8
196,"Ross Stephens",3.9
197,"Robin Brown",4.6
198,"Hector Taliaferro",NULL
199,"Maritza Gadison",NULL
200,"Charles Paine",5
201,"Easter Love",3.2
202,"John Trujillo",3.5
203,"Sherry Ager",3.4
204,"Stacy Gentry",NULL
205,"Arnoldo Thompson",3.2
206,"Eugene Parker",4.9
207,"Marilyn Johnson",4.2
208,"Linda Kiser",3.8
209,"Angelina Nunn",4.1
210,"Craig Wilson",3.1
211,"Paula Stinson",4.8
212,"Carl Lopez",4
213,"Lena Daniele",4.6
214,"Dorothy Hafer",3.9
215,"Harold Kallas",4
216,"Robert Ward",3.8
217,"Steven Wolf",4.3
218,"Nicholas Burney",3.8
219,"John Anderson",3.8
220,"Barbara Musselwhite",NULL
221,"Armand Uy",3.5
222,"Victor Harlow",NULL
223,"Michael Mendoza",3.3
224,"Todd Greb",NULL
225,"Edith Chambers",4.9
226,"Anthony Osborne",4
227,"Peter Rodriguez",4.6
228,"Maria Bueche",3.3
229,"Edith Gilder",4.2
230,"Edith Leadbetter",4.5
231,"Jamie Jones",4.3
232,"Terry Layman",3.9
233,"John Olveda",3.7
234,"Thomas Henry",4
235,"Mark Burrington",3.6
236,"Maria Real",3.8
237,"Ashley Giese",3.1
238,"Sarah Levites",4
239,"Ena Puffinburger",3
240,"Tamar Cruz",4.7
241,"William Bryan",4
242,"Roger Lando",4.9
243,"Veronica Raynor",3
244,"Nathaniel Pitts",4.3
245,"Molly Smith",4.7
246,"Theodore Wiley",4
247,"Ashley Wood",NULL
248,"Brian Harms",4.7
249,"Charles Graf",4
250,"Xiomara Chace",4.6
